select * from region;
insert into region(idREGION,nombre,numero) values(1,'Región de Tarapaca',1);
insert into region(idREGION,nombre,numero) values(2,'Región de Antofagasta',2);
insert into region(idREGION,nombre,numero) values(3,'Región de Atacama',3);
insert into region(idREGION,nombre,numero) values(4,'Región de Coquimbo',4);
insert into region(idREGION,nombre,numero) values(5,'Región de Valparaíso',5);
insert into region(idREGION,nombre,numero) values(6,'Región de Libertador General Bernardo O´Higgins',6);
insert into region(idREGION,nombre,numero) values(7,'Región del Maule',7);
insert into region(idREGION,nombre,numero) values(8,'Región de Biobío',8);
insert into region(idREGION,nombre,numero) values(9,'Región de la Araucanía',9);
insert into region(idREGION,nombre,numero) values(10,'Región de los Lagos',10);
insert into region(idREGION,nombre,numero) values(11,'Región de Aysén',11);
insert into region(idREGION,nombre,numero) values(12,'Región de Magallanes y Antártica Chilena',12);
insert into region(idREGION,nombre,numero) values(13,'Región Metropolitana',13);
insert into region(idREGION,nombre,numero) values(14,'Región de los Ríos',14);
insert into region(idREGION,nombre,numero) values(15,'Región de Arica y Parinacota',15);
insert into region(idREGION,nombre,numero) values(16,'Región del Ñuble',16);


select * from provincia;
insert into provincia(ID,nombre,REGION_id) values(1,'Arica',1);
insert into provincia(ID,nombre,REGION_id) values(2,'Parinacota',1);
insert into provincia(ID,nombre,REGION_id) values(3,'Iquique',2);
insert into provincia(ID,nombre,REGION_id) values(4,'El Tamarugal',2);
insert into provincia(ID,nombre,REGION_id) values(5,'Tocopilla',3);
insert into provincia(ID,nombre,REGION_id) values(6,'El Loa',3);
insert into provincia(ID,nombre,REGION_id) values(7,'Antofagasta',3);
insert into provincia(ID,nombre,REGION_id) values(8,'Chañaral',4);
insert into provincia(ID,nombre,REGION_id) values(9,'Copiapó',4);
insert into provincia(ID,nombre,REGION_id) values(10,'Huasco',4);
insert into provincia(ID,nombre,REGION_id) values(11,'Elqui',5);
insert into provincia(ID,nombre,REGION_id) values(12,'Limarí',5);
insert into provincia(ID,nombre,REGION_id) values(13,'Choapa',5);
insert into provincia(ID,nombre,REGION_id) values(14,'Petorca',6);
insert into provincia(ID,nombre,REGION_id) values(15,'Los Andes',6);
insert into provincia(ID,nombre,REGION_id) values(16,'San Felipe de Aconcagua',6);
insert into provincia(ID,nombre,REGION_id) values(17,'Quillota',6);
insert into provincia(ID,nombre,REGION_id) values(18,'Valparaiso',6);
insert into provincia(ID,nombre,REGION_id) values(19,'San Antonio',6);
insert into provincia(ID,nombre,REGION_id) values(20,'Isla de Pascua',6);
insert into provincia(ID,nombre,REGION_id) values(21,'Marga Marga',6);
insert into provincia(ID,nombre,REGION_id) values(22,'Chacabuco',7);
insert into provincia(ID,nombre,REGION_id) values(23,'Santiago',7);
insert into provincia(ID,nombre,REGION_id) values(24,'Cordillera',7);
insert into provincia(ID,nombre,REGION_id) values(25,'Maipo',7);
insert into provincia(ID,nombre,REGION_id) values(26,'Melipilla',7);
insert into provincia(ID,nombre,REGION_id) values(27,'Talagante',7);
insert into provincia(ID,nombre,REGION_id) values(28,'Cachapoal',8);
insert into provincia(ID,nombre,REGION_id) values(29,'Colchagua',8);
insert into provincia(ID,nombre,REGION_id) values(30,'Cardenal Caro',8);
insert into provincia(ID,nombre,REGION_id) values(31,'Curicó',9);
insert into provincia(ID,nombre,REGION_id) values(32,'Talca',9);
insert into provincia(ID,nombre,REGION_id) values(33,'Linares',9);
insert into provincia(ID,nombre,REGION_id) values(34,'Cauquenes',9);
insert into provincia(ID,nombre,REGION_id) values(35,'Diguillín',10);
insert into provincia(ID,nombre,REGION_id) values(36,'Itata',10);
insert into provincia(ID,nombre,REGION_id) values(37,'Punilla',10);
insert into provincia(ID,nombre,REGION_id) values(38,'Bio Bío',11);
insert into provincia(ID,nombre,REGION_id) values(39,'Concepción',11);
insert into provincia(ID,nombre,REGION_id) values(40,'Arauco',11);
insert into provincia(ID,nombre,REGION_id) values(41,'Malleco',12);
insert into provincia(ID,nombre,REGION_id) values(42,'Cautín',12);
insert into provincia(ID,nombre,REGION_id) values(43,'Valdivia',13);
insert into provincia(ID,nombre,REGION_id) values(44,'Ranco',13);
insert into provincia(ID,nombre,REGION_id) values(45,'Osorno',14);
insert into provincia(ID,nombre,REGION_id) values(46,'Llanquihue',14);
insert into provincia(ID,nombre,REGION_id) values(47,'Chiloé',14);
insert into provincia(ID,nombre,REGION_id) values(48,'Palena',14);
insert into provincia(ID,nombre,REGION_id) values(49,'Coyhaique',15);
insert into provincia(ID,nombre,REGION_id) values(50,'Aysén',15);
insert into provincia(ID,nombre,REGION_id) values(51,'General Carrera',15);
insert into provincia(ID,nombre,REGION_id) values(52,'Capitán Prat',15);
insert into provincia(ID,nombre,REGION_id) values(53,'Última Esperanza',16);
insert into provincia(ID,nombre,REGION_id) values(54,'Magallanes',16);
insert into provincia(ID,nombre,REGION_id) values(55,'Tierra del Fuego',16);
insert into provincia(ID,nombre,REGION_id) values(56,'Antártica Chilena',16);

select * from comuna;
insert into comuna(ID,nombre,PROVINCIA_id) values(1,'Arica',1);
insert into comuna(ID,nombre,PROVINCIA_id) values(2,'Camarones',1);
insert into comuna(ID,nombre,PROVINCIA_id) values(3,'General Lagos',2);
insert into comuna(ID,nombre,PROVINCIA_id) values(4,'Putre',2);
insert into comuna(ID,nombre,PROVINCIA_id) values(5,'Alto Hospicio',3);
insert into comuna(ID,nombre,PROVINCIA_id) values(6,'Iquique',3);
insert into comuna(ID,nombre,PROVINCIA_id) values(7,'Camiña',4);
insert into comuna(ID,nombre,PROVINCIA_id) values(8,'Colchane',4);
insert into comuna(ID,nombre,PROVINCIA_id) values(9,'Huara',4);
insert into comuna(ID,nombre,PROVINCIA_id) values(10,'Pica',4);
insert into comuna(ID,nombre,PROVINCIA_id) values(11,'Pozo Almonte',4);
insert into comuna(ID,nombre,PROVINCIA_id) values(12,'Tocopilla',5);
insert into comuna(ID,nombre,PROVINCIA_id) values(13,'María Elena',5);
insert into comuna(ID,nombre,PROVINCIA_id) values(14,'Calama',6);
insert into comuna(ID,nombre,PROVINCIA_id) values(15,'Ollague',6);
insert into comuna(ID,nombre,PROVINCIA_id) values(16,'San Pedro de Atacama',6);
insert into comuna(ID,nombre,PROVINCIA_id) values(17,'Antofagasta',7);
insert into comuna(ID,nombre,PROVINCIA_id) values(18,'Mejillones',7);
insert into comuna(ID,nombre,PROVINCIA_id) values(19,'Sierra Gorda',7);
insert into comuna(ID,nombre,PROVINCIA_id) values(20,'Taltal',7);
insert into comuna(ID,nombre,PROVINCIA_id) values(21,'Chañaral',8);
insert into comuna(ID,nombre,PROVINCIA_id) values(22,'Diego de Almagro',8);
insert into comuna(ID,nombre,PROVINCIA_id) values(23,'Copiapó',9);
insert into comuna(ID,nombre,PROVINCIA_id) values(24,'Caldera',9);
insert into comuna(ID,nombre,PROVINCIA_id) values(25,'Tierra Amarilla',9);
insert into comuna(ID,nombre,PROVINCIA_id) values(26,'Vallenar',10);
insert into comuna(ID,nombre,PROVINCIA_id) values(27,'Alto del Carmen',10);
insert into comuna(ID,nombre,PROVINCIA_id) values(28,'Freirina',10);
insert into comuna(ID,nombre,PROVINCIA_id) values(29,'Huasco',10);
insert into comuna(ID,nombre,PROVINCIA_id) values(30,'La Serena',11);
insert into comuna(ID,nombre,PROVINCIA_id) values(31,'Coquimbo',11);
insert into comuna(ID,nombre,PROVINCIA_id) values(32,'Andacollo',11);
insert into comuna(ID,nombre,PROVINCIA_id) values(33,'La Higuera',11);
insert into comuna(ID,nombre,PROVINCIA_id) values(34,'Paihuano',11);
insert into comuna(ID,nombre,PROVINCIA_id) values(35,'Vicuña',11);
insert into comuna(ID,nombre,PROVINCIA_id) values(36,'Ovalle',12);
insert into comuna(ID,nombre,PROVINCIA_id) values(37,'Combarbalá',12);
insert into comuna(ID,nombre,PROVINCIA_id) values(38,'Monte Patria',12);
insert into comuna(ID,nombre,PROVINCIA_id) values(39,'Punitaqui',12);
insert into comuna(ID,nombre,PROVINCIA_id) values(40,'Río Hurtado',12);
insert into comuna(ID,nombre,PROVINCIA_id) values(41,'Illapel',13);
insert into comuna(ID,nombre,PROVINCIA_id) values(42,'Canela',13);
insert into comuna(ID,nombre,PROVINCIA_id) values(43,'Los Vilos',13);
insert into comuna(ID,nombre,PROVINCIA_id) values(44,'Salamanca',13);
insert into comuna(ID,nombre,PROVINCIA_id) values(45,'La Ligua',14);
insert into comuna(ID,nombre,PROVINCIA_id) values(46,'Cabildo',14);
insert into comuna(ID,nombre,PROVINCIA_id) values(47,'Zapallar',14);
insert into comuna(ID,nombre,PROVINCIA_id) values(48,'Papudo',14);
insert into comuna(ID,nombre,PROVINCIA_id) values(49,'Petorca',14);
insert into comuna(ID,nombre,PROVINCIA_id) values(50,'Los Andes',15);
insert into comuna(ID,nombre,PROVINCIA_id) values(51,'San Esteban',15);
insert into comuna(ID,nombre,PROVINCIA_id) values(52,'Calle Larga',15);
insert into comuna(ID,nombre,PROVINCIA_id) values(53,'Rinconada',15);
insert into comuna(ID,nombre,PROVINCIA_id) values(54,'San Felipe',16);
insert into comuna(ID,nombre,PROVINCIA_id) values(55,'Llaillay',16);
insert into comuna(ID,nombre,PROVINCIA_id) values(56,'Putaendo',16);
insert into comuna(ID,nombre,PROVINCIA_id) values(57,'Santa María',16);
insert into comuna(ID,nombre,PROVINCIA_id) values(58,'Catemu',16);
insert into comuna(ID,nombre,PROVINCIA_id) values(59,'Panquehue',16);
insert into comuna(ID,nombre,PROVINCIA_id) values(60,'Quillota',17);
insert into comuna(ID,nombre,PROVINCIA_id) values(61,'La Cruz',17);
insert into comuna(ID,nombre,PROVINCIA_id) values(62,'La Calera',17);
insert into comuna(ID,nombre,PROVINCIA_id) values(63,'Nogales',17);
insert into comuna(ID,nombre,PROVINCIA_id) values(64,'Hijuelas',17);
insert into comuna(ID,nombre,PROVINCIA_id) values(65,'Valparaíso',18);
insert into comuna(ID,nombre,PROVINCIA_id) values(66,'Viña del Mar',18);
insert into comuna(ID,nombre,PROVINCIA_id) values(67,'Concón',18);
insert into comuna(ID,nombre,PROVINCIA_id) values(68,'Quintero',18);
insert into comuna(ID,nombre,PROVINCIA_id) values(69,'Puchuncaví',18);
insert into comuna(ID,nombre,PROVINCIA_id) values(70,'Casablanca',18);
insert into comuna(ID,nombre,PROVINCIA_id) values(71,'Juan Fernández',18);
insert into comuna(ID,nombre,PROVINCIA_id) values(72,'San Antonio',19);
insert into comuna(ID,nombre,PROVINCIA_id) values(73,'Cartagena',19);
insert into comuna(ID,nombre,PROVINCIA_id) values(74,'El Tabo',19);
insert into comuna(ID,nombre,PROVINCIA_id) values(75,'El Quisco',19);
insert into comuna(ID,nombre,PROVINCIA_id) values(76,'Algarrobo',19);
insert into comuna(ID,nombre,PROVINCIA_id) values(77,'Santo Domingo',19);
insert into comuna(ID,nombre,PROVINCIA_id) values(78,'Isla de Pascua',20);
insert into comuna(ID,nombre,PROVINCIA_id) values(79,'Quilpué',21);
insert into comuna(ID,nombre,PROVINCIA_id) values(80,'Limache',21);
insert into comuna(ID,nombre,PROVINCIA_id) values(81,'Olmué',21);
insert into comuna(ID,nombre,PROVINCIA_id) values(82,'Villa Alemana',21);
insert into comuna(ID,nombre,PROVINCIA_id) values(83,'Colina',22);
insert into comuna(ID,nombre,PROVINCIA_id) values(84,'Lampa',22);
insert into comuna(ID,nombre,PROVINCIA_id) values(85,'Tiltil',22);
insert into comuna(ID,nombre,PROVINCIA_id) values(86,'Santiago',23);
insert into comuna(ID,nombre,PROVINCIA_id) values(87,'Vitacura',23);
insert into comuna(ID,nombre,PROVINCIA_id) values(88,'San Ramón',23);
insert into comuna(ID,nombre,PROVINCIA_id) values(89,'San Miguel',23);
insert into comuna(ID,nombre,PROVINCIA_id) values(90,'San Joaquín',23);
insert into comuna(ID,nombre,PROVINCIA_id) values(91,'Renca',23);
insert into comuna(ID,nombre,PROVINCIA_id) values(92,'Recoleta',23);
insert into comuna(ID,nombre,PROVINCIA_id) values(93,'Quinta Normal',23);
insert into comuna(ID,nombre,PROVINCIA_id) values(94,'Quilicura',23);
insert into comuna(ID,nombre,PROVINCIA_id) values(95,'Pudahuel',23);
insert into comuna(ID,nombre,PROVINCIA_id) values(96,'Providencia',23);
insert into comuna(ID,nombre,PROVINCIA_id) values(97,'Peñalolén',23);
insert into comuna(ID,nombre,PROVINCIA_id) values(98,'Pedro Aguirre Cerda',23);
insert into comuna(ID,nombre,PROVINCIA_id) values(99,'Ñuñoa',23);
insert into comuna(ID,nombre,PROVINCIA_id) values(100,'Maipú',23);
insert into comuna(ID,nombre,PROVINCIA_id) values(101,'Macul',23);
insert into comuna(ID,nombre,PROVINCIA_id) values(102,'Lo Prado',23);
insert into comuna(ID,nombre,PROVINCIA_id) values(103,'Lo Espejo',23);
insert into comuna(ID,nombre,PROVINCIA_id) values(104,'Lo Barnechea',23);
insert into comuna(ID,nombre,PROVINCIA_id) values(105,'Las Condes',23);
insert into comuna(ID,nombre,PROVINCIA_id) values(106,'La Reina',23);
insert into comuna(ID,nombre,PROVINCIA_id) values(107,'La Pintana',23);
insert into comuna(ID,nombre,PROVINCIA_id) values(108,'La Granja',23);
insert into comuna(ID,nombre,PROVINCIA_id) values(109,'La Florida',23);
insert into comuna(ID,nombre,PROVINCIA_id) values(110,'La Cisterna',23);
insert into comuna(ID,nombre,PROVINCIA_id) values(111,'Independencia',23);
insert into comuna(ID,nombre,PROVINCIA_id) values(112,'Huechuraba',23);
insert into comuna(ID,nombre,PROVINCIA_id) values(113,'Estación Central',23);
insert into comuna(ID,nombre,PROVINCIA_id) values(114,'El Bosque',23);
insert into comuna(ID,nombre,PROVINCIA_id) values(115,'Conchalí',23);
insert into comuna(ID,nombre,PROVINCIA_id) values(116,'Cerro Navia',23);
insert into comuna(ID,nombre,PROVINCIA_id) values(117,'Cerrillos',23);
insert into comuna(ID,nombre,PROVINCIA_id) values(118,'Puente Alto',24);
insert into comuna(ID,nombre,PROVINCIA_id) values(119,'San José de Maipo',24);
insert into comuna(ID,nombre,PROVINCIA_id) values(120,'Pirque',24);
insert into comuna(ID,nombre,PROVINCIA_id) values(121,'San Bernardo',25);
insert into comuna(ID,nombre,PROVINCIA_id) values(122,'Buin',25);
insert into comuna(ID,nombre,PROVINCIA_id) values(123,'Paine',25);
insert into comuna(ID,nombre,PROVINCIA_id) values(124,'Calera de Tango',25);
insert into comuna(ID,nombre,PROVINCIA_id) values(125,'Melipilla',26);
insert into comuna(ID,nombre,PROVINCIA_id) values(126,'Alhué',26);
insert into comuna(ID,nombre,PROVINCIA_id) values(127,'Curacaví',26);
insert into comuna(ID,nombre,PROVINCIA_id) values(128,'María Pinto',26);
insert into comuna(ID,nombre,PROVINCIA_id) values(129,'San Pedro',26);
insert into comuna(ID,nombre,PROVINCIA_id) values(130,'Isla de Maipo',27);
insert into comuna(ID,nombre,PROVINCIA_id) values(131,'El Monte',27);
insert into comuna(ID,nombre,PROVINCIA_id) values(132,'Padre Hurtado',27);
insert into comuna(ID,nombre,PROVINCIA_id) values(133,'Peñaflor',27);
insert into comuna(ID,nombre,PROVINCIA_id) values(134,'Talagante',27);
insert into comuna(ID,nombre,PROVINCIA_id) values(135,'Codegua',28);
insert into comuna(ID,nombre,PROVINCIA_id) values(136,'Coínco',28);
insert into comuna(ID,nombre,PROVINCIA_id) values(137,'Coltauco',28);
insert into comuna(ID,nombre,PROVINCIA_id) values(138,'Doñihue',28);
insert into comuna(ID,nombre,PROVINCIA_id) values(139,'Graneros',28);
insert into comuna(ID,nombre,PROVINCIA_id) values(140,'Las Cabras',28);
insert into comuna(ID,nombre,PROVINCIA_id) values(141,'Machalí',28);
insert into comuna(ID,nombre,PROVINCIA_id) values(142,'Malloa',28);
insert into comuna(ID,nombre,PROVINCIA_id) values(143,'Mostazal',28);
insert into comuna(ID,nombre,PROVINCIA_id) values(144,'Olivar',28);
insert into comuna(ID,nombre,PROVINCIA_id) values(145,'Peumo',28);
insert into comuna(ID,nombre,PROVINCIA_id) values(146,'Pichidegua',28);
insert into comuna(ID,nombre,PROVINCIA_id) values(147,'Quinta de Tilcoco',28);
insert into comuna(ID,nombre,PROVINCIA_id) values(148,'Rancagua',28);
insert into comuna(ID,nombre,PROVINCIA_id) values(149,'Rengo',28);
insert into comuna(ID,nombre,PROVINCIA_id) values(150,'Requínoa',28);
insert into comuna(ID,nombre,PROVINCIA_id) values(151,'San Vicente de Tagua Tagua',28);
insert into comuna(ID,nombre,PROVINCIA_id) values(152,'Chépica',29);
insert into comuna(ID,nombre,PROVINCIA_id) values(153,'Chimbarongo',29);
insert into comuna(ID,nombre,PROVINCIA_id) values(154,'Lolol',29);
insert into comuna(ID,nombre,PROVINCIA_id) values(155,'Nancagua',29);
insert into comuna(ID,nombre,PROVINCIA_id) values(156,'Palmilla',29);
insert into comuna(ID,nombre,PROVINCIA_id) values(157,'Peralillo',29);
insert into comuna(ID,nombre,PROVINCIA_id) values(158,'Placilla',29);
insert into comuna(ID,nombre,PROVINCIA_id) values(159,'Pumanque',29);
insert into comuna(ID,nombre,PROVINCIA_id) values(160,'San Fernando',29);
insert into comuna(ID,nombre,PROVINCIA_id) values(161,'Santa Cruz',29);
insert into comuna(ID,nombre,PROVINCIA_id) values(162,'La Estrella',30);
insert into comuna(ID,nombre,PROVINCIA_id) values(163,'Litueche',30);
insert into comuna(ID,nombre,PROVINCIA_id) values(164,'Marchigüe',30);
insert into comuna(ID,nombre,PROVINCIA_id) values(165,'Navidad',30);
insert into comuna(ID,nombre,PROVINCIA_id) values(166,'Paredones',30);
insert into comuna(ID,nombre,PROVINCIA_id) values(167,'Pichilemu',30);
insert into comuna(ID,nombre,PROVINCIA_id) values(168,'Curicó',31);
insert into comuna(ID,nombre,PROVINCIA_id) values(169,'Hualañé',31);
insert into comuna(ID,nombre,PROVINCIA_id) values(170,'Licantén',31);
insert into comuna(ID,nombre,PROVINCIA_id) values(171,'Molina',31);
insert into comuna(ID,nombre,PROVINCIA_id) values(172,'Rauco',31);
insert into comuna(ID,nombre,PROVINCIA_id) values(173,'Romeral',31);
insert into comuna(ID,nombre,PROVINCIA_id) values(174,'Sagrada Familia',31);
insert into comuna(ID,nombre,PROVINCIA_id) values(175,'Teno',31);
insert into comuna(ID,nombre,PROVINCIA_id) values(176,'Vichuquén',31);
insert into comuna(ID,nombre,PROVINCIA_id) values(177,'Talca',32);
insert into comuna(ID,nombre,PROVINCIA_id) values(178,'San Clemente',32);
insert into comuna(ID,nombre,PROVINCIA_id) values(179,'Pelarco',32);
insert into comuna(ID,nombre,PROVINCIA_id) values(180,'Pencahue',32);
insert into comuna(ID,nombre,PROVINCIA_id) values(181,'Maule',32);
insert into comuna(ID,nombre,PROVINCIA_id) values(182,'San Rafael',32);
insert into comuna(ID,nombre,PROVINCIA_id) values(183,'Curepto',33);
insert into comuna(ID,nombre,PROVINCIA_id) values(184,'Constitución',32);
insert into comuna(ID,nombre,PROVINCIA_id) values(185,'Empedrado',32);
insert into comuna(ID,nombre,PROVINCIA_id) values(186,'Río Claro',32);
insert into comuna(ID,nombre,PROVINCIA_id) values(187,'Linares',33);
insert into comuna(ID,nombre,PROVINCIA_id) values(188,'San Javier',33);
insert into comuna(ID,nombre,PROVINCIA_id) values(189,'Parral',33);
insert into comuna(ID,nombre,PROVINCIA_id) values(190,'Villa Alegre',33);
insert into comuna(ID,nombre,PROVINCIA_id) values(191,'Longaví',33);
insert into comuna(ID,nombre,PROVINCIA_id) values(192,'Colbún',33);
insert into comuna(ID,nombre,PROVINCIA_id) values(193,'Retiro',33);
insert into comuna(ID,nombre,PROVINCIA_id) values(194,'Yerbas Buenas',33);
insert into comuna(ID,nombre,PROVINCIA_id) values(195,'Cauquenes',34);
insert into comuna(ID,nombre,PROVINCIA_id) values(196,'Chanco',34);
insert into comuna(ID,nombre,PROVINCIA_id) values(197,'Pelluhue',34);
insert into comuna(ID,nombre,PROVINCIA_id) values(198,'Bulnes',35);
insert into comuna(ID,nombre,PROVINCIA_id) values(199,'Chillán',35);
insert into comuna(ID,nombre,PROVINCIA_id) values(200,'Chillán Viejo',35);
insert into comuna(ID,nombre,PROVINCIA_id) values(201,'El Carmen',35);
insert into comuna(ID,nombre,PROVINCIA_id) values(202,'Pemuco',35);
insert into comuna(ID,nombre,PROVINCIA_id) values(203,'Pinto',35);
insert into comuna(ID,nombre,PROVINCIA_id) values(204,'Quillón',35);
insert into comuna(ID,nombre,PROVINCIA_id) values(205,'San Ignacio',35);
insert into comuna(ID,nombre,PROVINCIA_id) values(206,'Yungay',35);
insert into comuna(ID,nombre,PROVINCIA_id) values(207,'Cobquecura',36);
insert into comuna(ID,nombre,PROVINCIA_id) values(208,'Coelemu',36);
insert into comuna(ID,nombre,PROVINCIA_id) values(209,'Ninhue',36);
insert into comuna(ID,nombre,PROVINCIA_id) values(210,'Portezuelo',36);
insert into comuna(ID,nombre,PROVINCIA_id) values(211,'Quirihue',36);
insert into comuna(ID,nombre,PROVINCIA_id) values(212,'Ránquil',36);
insert into comuna(ID,nombre,PROVINCIA_id) values(213,'Treguaco',36);
insert into comuna(ID,nombre,PROVINCIA_id) values(214,'San Carlos',37);
insert into comuna(ID,nombre,PROVINCIA_id) values(215,'Coihueco',37);
insert into comuna(ID,nombre,PROVINCIA_id) values(216,'San Nicolás',37);
insert into comuna(ID,nombre,PROVINCIA_id) values(217,'Ñiquén',37);
insert into comuna(ID,nombre,PROVINCIA_id) values(218,'San Fabián',37);
insert into comuna(ID,nombre,PROVINCIA_id) values(219,'Alto Biobío',38);
insert into comuna(ID,nombre,PROVINCIA_id) values(220,'Antuco',38);
insert into comuna(ID,nombre,PROVINCIA_id) values(221,'Cabrero',38);
insert into comuna(ID,nombre,PROVINCIA_id) values(222,'Laja',38);
insert into comuna(ID,nombre,PROVINCIA_id) values(223,'Los Ángeles',38);
insert into comuna(ID,nombre,PROVINCIA_id) values(224,'Mulchén',38);
insert into comuna(ID,nombre,PROVINCIA_id) values(225,'Nacimiento',38);
insert into comuna(ID,nombre,PROVINCIA_id) values(226,'Negrete',38);
insert into comuna(ID,nombre,PROVINCIA_id) values(227,'Quilaco',38);
insert into comuna(ID,nombre,PROVINCIA_id) values(228,'Quilleco',38);
insert into comuna(ID,nombre,PROVINCIA_id) values(229,'San Rosendo',38);
insert into comuna(ID,nombre,PROVINCIA_id) values(230,'Santa Bárbara',38);
insert into comuna(ID,nombre,PROVINCIA_id) values(231,'Tucapel',38);
insert into comuna(ID,nombre,PROVINCIA_id) values(232,'Yumbel',38);
insert into comuna(ID,nombre,PROVINCIA_id) values(233,'Concepción',39);
insert into comuna(ID,nombre,PROVINCIA_id) values(234,'Coronel',39);
insert into comuna(ID,nombre,PROVINCIA_id) values(235,'Chiguayante',39);
insert into comuna(ID,nombre,PROVINCIA_id) values(236,'Florida',39);
insert into comuna(ID,nombre,PROVINCIA_id) values(237,'Hualpén',39);
insert into comuna(ID,nombre,PROVINCIA_id) values(238,'Hualqui',39);
insert into comuna(ID,nombre,PROVINCIA_id) values(239,'Lota',39);
insert into comuna(ID,nombre,PROVINCIA_id) values(240,'Penco',39);
insert into comuna(ID,nombre,PROVINCIA_id) values(241,'San Pedro de La Paz',39);
insert into comuna(ID,nombre,PROVINCIA_id) values(242,'Santa Juana',39);
insert into comuna(ID,nombre,PROVINCIA_id) values(243,'Talcahuano',39);
insert into comuna(ID,nombre,PROVINCIA_id) values(244,'Tomé',39);
insert into comuna(ID,nombre,PROVINCIA_id) values(245,'Arauco',40);
insert into comuna(ID,nombre,PROVINCIA_id) values(246,'Cañete',40);
insert into comuna(ID,nombre,PROVINCIA_id) values(247,'Contulmo',40);
insert into comuna(ID,nombre,PROVINCIA_id) values(248,'Curanilahue',40);
insert into comuna(ID,nombre,PROVINCIA_id) values(249,'Lebu',40);
insert into comuna(ID,nombre,PROVINCIA_id) values(250,'Los Álamos',40);
insert into comuna(ID,nombre,PROVINCIA_id) values(251,'Tirúa',40);
insert into comuna(ID,nombre,PROVINCIA_id) values(252,'Angol',41);
insert into comuna(ID,nombre,PROVINCIA_id) values(253,'Collipulli',41);
insert into comuna(ID,nombre,PROVINCIA_id) values(254,'Curacautín',41);
insert into comuna(ID,nombre,PROVINCIA_id) values(255,'Ercilla',41);
insert into comuna(ID,nombre,PROVINCIA_id) values(256,'Lonquimay',41);
insert into comuna(ID,nombre,PROVINCIA_id) values(257,'Los Sauces',41);
insert into comuna(ID,nombre,PROVINCIA_id) values(258,'Lumaco',41);
insert into comuna(ID,nombre,PROVINCIA_id) values(259,'Purén',41);
insert into comuna(ID,nombre,PROVINCIA_id) values(260,'Renaico',41);
insert into comuna(ID,nombre,PROVINCIA_id) values(261,'Traiguén',41);
insert into comuna(ID,nombre,PROVINCIA_id) values(262,'Victoria',41);
insert into comuna(ID,nombre,PROVINCIA_id) values(263,'Temuco',42);
insert into comuna(ID,nombre,PROVINCIA_id) values(264,'Carahue',42);
insert into comuna(ID,nombre,PROVINCIA_id) values(265,'Cholchol',42);
insert into comuna(ID,nombre,PROVINCIA_id) values(266,'Cunco',42);
insert into comuna(ID,nombre,PROVINCIA_id) values(267,'Curarrehue',42);
insert into comuna(ID,nombre,PROVINCIA_id) values(268,'Freire',42);
insert into comuna(ID,nombre,PROVINCIA_id) values(269,'Galvarino',42);
insert into comuna(ID,nombre,PROVINCIA_id) values(270,'Gorbea',42);
insert into comuna(ID,nombre,PROVINCIA_id) values(271,'Lautaro',42);
insert into comuna(ID,nombre,PROVINCIA_id) values(272,'Loncoche',42);
insert into comuna(ID,nombre,PROVINCIA_id) values(273,'Melipeuco',42);
insert into comuna(ID,nombre,PROVINCIA_id) values(274,'Nueva Imperial',42);
insert into comuna(ID,nombre,PROVINCIA_id) values(275,'Padre Las Casas',42);
insert into comuna(ID,nombre,PROVINCIA_id) values(276,'Perquenco',42);
insert into comuna(ID,nombre,PROVINCIA_id) values(277,'Pitrufquén',42);
insert into comuna(ID,nombre,PROVINCIA_id) values(278,'Pucón',42);
insert into comuna(ID,nombre,PROVINCIA_id) values(279,'Saavedra',42);
insert into comuna(ID,nombre,PROVINCIA_id) values(280,'Teodoro Schmidt',42);
insert into comuna(ID,nombre,PROVINCIA_id) values(281,'Toltén',42);
insert into comuna(ID,nombre,PROVINCIA_id) values(282,'Vilcún',42);
insert into comuna(ID,nombre,PROVINCIA_id) values(283,'Villarrica',42);
insert into comuna(ID,nombre,PROVINCIA_id) values(284,'Valdivia',43);
insert into comuna(ID,nombre,PROVINCIA_id) values(285,'Corral',43);
insert into comuna(ID,nombre,PROVINCIA_id) values(286,'Lanco',43);
insert into comuna(ID,nombre,PROVINCIA_id) values(287,'Los Lagos',43);
insert into comuna(ID,nombre,PROVINCIA_id) values(288,'Máfil',43);
insert into comuna(ID,nombre,PROVINCIA_id) values(289,'Mariquina',43);
insert into comuna(ID,nombre,PROVINCIA_id) values(290,'Paillaco',43);
insert into comuna(ID,nombre,PROVINCIA_id) values(291,'Panguipulli',43);
insert into comuna(ID,nombre,PROVINCIA_id) values(292,'La Unión',44);
insert into comuna(ID,nombre,PROVINCIA_id) values(293,'Futrono',44);
insert into comuna(ID,nombre,PROVINCIA_id) values(294,'Lago Ranco',44);
insert into comuna(ID,nombre,PROVINCIA_id) values(295,'Río Bueno',44);
insert into comuna(ID,nombre,PROVINCIA_id) values(297,'Osorno',45);
insert into comuna(ID,nombre,PROVINCIA_id) values(298,'Puerto Octay',45);
insert into comuna(ID,nombre,PROVINCIA_id) values(299,'Purranque',45);
insert into comuna(ID,nombre,PROVINCIA_id) values(300,'Puyehue',45);
insert into comuna(ID,nombre,PROVINCIA_id) values(301,'Río Negro',45);
insert into comuna(ID,nombre,PROVINCIA_id) values(302,'San Juan de la Costa',45);
insert into comuna(ID,nombre,PROVINCIA_id) values(303,'San Pablo',45);
insert into comuna(ID,nombre,PROVINCIA_id) values(304,'Calbuco',46);
insert into comuna(ID,nombre,PROVINCIA_id) values(305,'Cochamó',46);
insert into comuna(ID,nombre,PROVINCIA_id) values(306,'Fresia',46);
insert into comuna(ID,nombre,PROVINCIA_id) values(307,'Frutillar',46);
insert into comuna(ID,nombre,PROVINCIA_id) values(308,'Llanquihue',46);
insert into comuna(ID,nombre,PROVINCIA_id) values(309,'Los Muermos',46);
insert into comuna(ID,nombre,PROVINCIA_id) values(310,'Maullín',46);
insert into comuna(ID,nombre,PROVINCIA_id) values(311,'Puerto Montt',46);
insert into comuna(ID,nombre,PROVINCIA_id) values(312,'Puerto Varas',46);
insert into comuna(ID,nombre,PROVINCIA_id) values(313,'Ancud',47);
insert into comuna(ID,nombre,PROVINCIA_id) values(314,'Castro',47);
insert into comuna(ID,nombre,PROVINCIA_id) values(315,'Chonchi',47);
insert into comuna(ID,nombre,PROVINCIA_id) values(316,'Curaco de Vélez',47);
insert into comuna(ID,nombre,PROVINCIA_id) values(317,'Dalcahue',47);
insert into comuna(ID,nombre,PROVINCIA_id) values(318,'Puqueldón',47);
insert into comuna(ID,nombre,PROVINCIA_id) values(319,'Queilén',47);
insert into comuna(ID,nombre,PROVINCIA_id) values(320,'Quellón',47);
insert into comuna(ID,nombre,PROVINCIA_id) values(321,'Quemchi',47);
insert into comuna(ID,nombre,PROVINCIA_id) values(322,'Quinchao',47);
insert into comuna(ID,nombre,PROVINCIA_id) values(323,'Chaitén',48);
insert into comuna(ID,nombre,PROVINCIA_id) values(324,'Futaleufú',48);
insert into comuna(ID,nombre,PROVINCIA_id) values(325,'Hualaihué',48);
insert into comuna(ID,nombre,PROVINCIA_id) values(326,'Palena',48);
insert into comuna(ID,nombre,PROVINCIA_id) values(327,'Lago Verde',49);
insert into comuna(ID,nombre,PROVINCIA_id) values(328,'Coihaique',49);
insert into comuna(ID,nombre,PROVINCIA_id) values(329,'Aysén',50);
insert into comuna(ID,nombre,PROVINCIA_id) values(330,'Cisnes',50);
insert into comuna(ID,nombre,PROVINCIA_id) values(331,'Guaitecas',50);
insert into comuna(ID,nombre,PROVINCIA_id) values(332,'Río Ibáñez',51);
insert into comuna(ID,nombre,PROVINCIA_id) values(333,'Chile Chico',51);
insert into comuna(ID,nombre,PROVINCIA_id) values(334,'Cochrane',52);
insert into comuna(ID,nombre,PROVINCIA_id) values(335,'O\'Higgins',52);
insert into comuna(ID,nombre,PROVINCIA_id) values(336,'Tortel',52);
insert into comuna(ID,nombre,PROVINCIA_id) values(337,'Natales',53);
insert into comuna(ID,nombre,PROVINCIA_id) values(338,'Torres del Paine',53);
insert into comuna(ID,nombre,PROVINCIA_id) values(339,'Laguna Blanca',54);
insert into comuna(ID,nombre,PROVINCIA_id) values(340,'Punta Arenas',54);
insert into comuna(ID,nombre,PROVINCIA_id) values(341,'Río Verde',54);
insert into comuna(ID,nombre,PROVINCIA_id) values(342,'San Gregorio',54);
insert into comuna(ID,nombre,PROVINCIA_id) values(343,'Porvenir',55);
insert into comuna(ID,nombre,PROVINCIA_id) values(344,'Primavera',55);
insert into comuna(ID,nombre,PROVINCIA_id) values(345,'Timaukel',55);
insert into comuna(ID,nombre,PROVINCIA_id) values(346,'Cabo de Hornos',56);
insert into comuna(ID,nombre,PROVINCIA_id) values(347,'Antártica',56);

insert into lugar(ID,nombre,direccion,id_comuna) values(0001,'La Parva','G21, Lo Barnechea, Región Metropolitana',);